{"stallDuration":48939.514999918174,"averageLatency":2.1301453333333344,"averageBufferLength":0.4229626666666664,"averageBitrate":651140.253147204,"numSwitches":16}