{"stallDuration":35149.42499989411,"averageLatency":1.391633333333332,"averageBufferLength":0.407786666666667,"averageBitrate":586507.5532271109,"numSwitches":33}